[{
  "_id": {
    "$oid": "643bee1c30177c8123fe2330"
  },
  "length": 3286124,
  "chunkSize": 261120,
  "uploadDate": {
    "$date": {
      "$numberLong": "1681649181391"
    }
  },
  "md5": "8db428399f9b406d5260f11178831268",
  "filename": "Чебурашка.jpeg"
},{
  "_id": {
    "$oid": "643bef0082368846803f3ce8"
  },
  "length": 121147,
  "chunkSize": 261120,
  "uploadDate": {
    "$date": {
      "$numberLong": "1681649409930"
    }
  },
  "md5": "209fddff5131dfee83d7de71b918b87d",
  "filename": "Звероленд.jpg"
},{
  "_id": {
    "$oid": "643bf0632d19a1215242845c"
  },
  "length": 121147,
  "chunkSize": 261120,
  "uploadDate": {
    "$date": {
      "$numberLong": "1681649764111"
    }
  },
  "md5": "209fddff5131dfee83d7de71b918b87d",
  "filename": "Звероленд.jpg"
},{
  "_id": {
    "$oid": "643bf0c52d19a1215242845f"
  },
  "length": 166728,
  "chunkSize": 261120,
  "uploadDate": {
    "$date": {
      "$numberLong": "1681649861656"
    }
  },
  "md5": "9b936367457b72d7a01274a7c1385d2f",
  "filename": "Back.jpg"
},{
  "_id": {
    "$oid": "643bf32b2d19a12152428462"
  },
  "length": 3286124,
  "chunkSize": 261120,
  "uploadDate": {
    "$date": {
      "$numberLong": "1681650475621"
    }
  },
  "md5": "8db428399f9b406d5260f11178831268",
  "filename": "Чебурашка.jpeg"
},{
  "_id": {
    "$oid": "643bf6b07318069f1a1d65fd"
  },
  "length": 346524,
  "chunkSize": 261120,
  "uploadDate": {
    "$date": {
      "$numberLong": "1681651377757"
    }
  },
  "md5": "03bcdedfff1f3677e3ea556629bcccde",
  "filename": "Призрачный дом.jpg"
},{
  "_id": {
    "$oid": "643c0530ea0f6c2be6cf2a10"
  },
  "length": 121147,
  "chunkSize": 261120,
  "uploadDate": {
    "$date": {
      "$numberLong": "1681655089329"
    }
  },
  "md5": "209fddff5131dfee83d7de71b918b87d",
  "filename": "Звероленд.jpg"
},{
  "_id": {
    "$oid": "643c0571ea0f6c2be6cf2a13"
  },
  "length": 110661,
  "chunkSize": 261120,
  "uploadDate": {
    "$date": {
      "$numberLong": "1681655153358"
    }
  },
  "md5": "c8f6b45b3ca0464324c399f8ec79a9fc",
  "filename": "Друг в океане.jpg"
},{
  "_id": {
    "$oid": "643c0597ea0f6c2be6cf2a16"
  },
  "length": 121147,
  "chunkSize": 261120,
  "uploadDate": {
    "$date": {
      "$numberLong": "1681655191543"
    }
  },
  "md5": "209fddff5131dfee83d7de71b918b87d",
  "filename": "Звероленд.jpg"
},{
  "_id": {
    "$oid": "643c065dcb76e5aca923d6fb"
  },
  "length": 2716477,
  "chunkSize": 261120,
  "uploadDate": {
    "$date": {
      "$numberLong": "1681655390895"
    }
  },
  "md5": "a8efdb59a148d52ab3cf6e792c494ed9",
  "filename": "Одни на каникулах.jpg"
},{
  "_id": {
    "$oid": "644fb9ea5378784a6eb518c8"
  },
  "length": 3286124,
  "chunkSize": 261120,
  "uploadDate": {
    "$date": {
      "$numberLong": "1682946539798"
    }
  },
  "md5": "8db428399f9b406d5260f11178831268",
  "filename": "Чебурашка.jpeg"
},{
  "_id": {
    "$oid": "644fba675378784a6eb518d7"
  },
  "length": 580623,
  "chunkSize": 261120,
  "uploadDate": {
    "$date": {
      "$numberLong": "1682946663771"
    }
  },
  "md5": "5b964bd316968e2e3a75cddc8e9dcfec",
  "filename": "гром трудное детство.jpeg"
},{
  "_id": {
    "$oid": "644fbacb5378784a6eb518dc"
  },
  "length": 868054,
  "chunkSize": 261120,
  "uploadDate": {
    "$date": {
      "$numberLong": "1682946763254"
    }
  },
  "md5": "262570ecd0ff66d87900a9f83c56deba",
  "filename": "джон уик 4.jpg"
},{
  "_id": {
    "$oid": "644fbb2a5378784a6eb518e2"
  },
  "length": 434817,
  "chunkSize": 261120,
  "uploadDate": {
    "$date": {
      "$numberLong": "1682946858349"
    }
  },
  "md5": "8da3e6b6390314bac323a603cf43762a",
  "filename": "вызов.jpg"
},{
  "_id": {
    "$oid": "644fbbae5378784a6eb518e6"
  },
  "length": 1004076,
  "chunkSize": 261120,
  "uploadDate": {
    "$date": {
      "$numberLong": "1682946991097"
    }
  },
  "md5": "e5e2313e2f1d11dfc9e20f314fd2634a",
  "filename": "винни пух кровь и мед.jpg"
},{
  "_id": {
    "$oid": "644fbc165378784a6eb518ec"
  },
  "length": 155959,
  "chunkSize": 261120,
  "uploadDate": {
    "$date": {
      "$numberLong": "1682947094445"
    }
  },
  "md5": "894f79110e86bb04a6220c343efa2e63",
  "filename": "бешенство.jpg"
},{
  "_id": {
    "$oid": "644fbc5f5378784a6eb518ee"
  },
  "length": 155959,
  "chunkSize": 261120,
  "uploadDate": {
    "$date": {
      "$numberLong": "1682947167711"
    }
  },
  "md5": "894f79110e86bb04a6220c343efa2e63",
  "filename": "бешенство.jpg"
},{
  "_id": {
    "$oid": "644fbcaa5378784a6eb518f1"
  },
  "length": 1677778,
  "chunkSize": 261120,
  "uploadDate": {
    "$date": {
      "$numberLong": "1682947242621"
    }
  },
  "md5": "6015ee6d02b0322a13fcfc70c388ca86",
  "filename": "человек муравей.jpg"
},{
  "_id": {
    "$oid": "644fbcee5378784a6eb518fa"
  },
  "length": 211794,
  "chunkSize": 261120,
  "uploadDate": {
    "$date": {
      "$numberLong": "1682947310759"
    }
  },
  "md5": "13cd61cb8b135be05d923ed7dd8af451",
  "filename": "убийстов а париже.jpg"
},{
  "_id": {
    "$oid": "644fbd365378784a6eb518fd"
  },
  "length": 300312,
  "chunkSize": 261120,
  "uploadDate": {
    "$date": {
      "$numberLong": "1682947382765"
    }
  },
  "md5": "776c2cfb097cb8c9e681732cbd45cb53",
  "filename": "марио.jpg"
}]