[{
  "_id": {
    "$oid": "644fb9ef5378784a6eb518d6"
  },
  "Poster": "Чебурашка.jpeg",
  "Name": "Чебурашка",
  "Genre": "Семейный, Комедия",
  "Regisseur": "Дмитрий Дьяченко",
  "Producer": " Эдуард Илоян, Денис Жалинский, Виталий Шляппо",
  "Country": "Россия",
  "Duration": " 113 мин. / 01:53",
  "Description": "Иногда, чтобы вернуть солнце и улыбки в мир взрослых, нужен один маленький ушастый герой. Мохнатого непоседливого зверька из далекой апельсиновой страны ждут удивительные приключения в тихом приморском городке, где ему предстоит найти себе имя, друзей и дом.",
  "Price2D": 300,
  "Price3D": 400,
  "PriceVIP": 500
},{
  "_id": {
    "$oid": "644fba695378784a6eb518db"
  },
  "Poster": "гром трудное детство.jpeg",
  "Name": "Гром: Трудное детство",
  "Genre": "Приключение, Боевик",
  "Regisseur": " Олег Трофим",
  "Producer": " Артем Габрелянов, Михаил Китаев, Ольга Филипук",
  "Country": "Россия",
  "Duration": " 84 мин. / 01:24",
  "Description": "Юный Игорь Гром ищет варианты срочно заработать большую сумму и ввязывается в сомнительную авантюру на пару с другом Игнатом. Тем временем его отец вместе с будущим начальником петербургской полиции Фёдором Прокопенко охотится за боссом криминального мира по прозвищу Анубис.",
  "Price2D": 300,
  "Price3D": 400,
  "PriceVIP": 500
},{
  "_id": {
    "$oid": "644fbadc5378784a6eb518e1"
  },
  "Poster": "джон уик 4.jpg",
  "Name": "Джон Уик 4",
  "Genre": "Боевик, Триллер, Криминал",
  "Regisseur": " Чад Стахелски",
  "Producer": " Эрика Ли, Кристоф Фиссер, Бэзил Иваник",
  "Country": " США, Германия",
  "Duration": " 169 мин. / 02:49",
  "Description": "Оставляя за собой горы трупов, Джон Уик продолжает скрываться от всевозможных наёмных убийц, и теперь охоту на него возглавляет молодой и честолюбивый член Правления по имени Маркиз. Два управляющих отелями «Континенталь» в Нью-Йорке и Осаке, решившие по старой дружбе помочь своенравному киллеру, уже жестоко за это поплатились, но внезапно Джон узнаёт способ выбраться из этой, казалось бы, безвыходной ситуации.",
  "Price2D": 300,
  "Price3D": 400,
  "PriceVIP": 500
},{
  "_id": {
    "$oid": "644fbb2c5378784a6eb518e5"
  },
  "Poster": "вызов.jpg",
  "Name": "Вызов",
  "Genre": "Драма",
  "Regisseur": " Клим Шипенко",
  "Producer": " Константин Эрнст, Дмитрий Рогозин, Сергей Титинков",
  "Country": "Россия",
  "Duration": " 164 мин. / 02:44",
  "Description": "Торакальный хирург Женя за месяц должна подготовиться к космическому полету, чтобы отправиться на МКС и спасти заболевшего космонавта. Ей придётся преодолеть неуверенность и страхи, а также провести сложнейшую операцию в условиях невесомости, от которой зависят шансы космонавта вернуться на Землю живым.",
  "Price2D": 300,
  "Price3D": 400,
  "PriceVIP": 500
},{
  "_id": {
    "$oid": "644fbbaf5378784a6eb518eb"
  },
  "Poster": "винни пух кровь и мед.jpg",
  "Name": "Винни-Пух: Кровь и мёд",
  "Genre": "Ужасы",
  "Regisseur": " Рис Фрейк-Уотерфилд",
  "Producer": " Стюарт Алсон, Рис Фрейк-Уотерфилд, Николь Холланд",
  "Country": " Великобритания",
  "Duration": " 84 мин. / 01:24",
  "Description": "Будучи наивным ребёнком, Кристофер Робин подружился в Стоакровом лесу со странными существами, дал им имена и многие годы таскал им еду с кухни. Когда парень вырос и уехал в колледж, лесные друзья не вынесли голода и предательства — они озлобились и поклялись больше никогда не разговаривать на человеческом языке. Не поздоровилось и самому Кристоферу, спустя годы решившему показать своей невесте места, где он провёл счастливое детство. Теперь Винни и Пятак зверски истребляют всех, кто оказывается в их лесу, и приехавшая в съёмный дом провести веселые выходные компания девушек исключением не станет.",
  "Price2D": 300,
  "Price3D": 400,
  "PriceVIP": 500
},{
  "_id": {
    "$oid": "644fbc615378784a6eb518f0"
  },
  "Poster": "бешенство.jpg",
  "Name": "Бешенство ",
  "Genre": "Триллер",
  "Regisseur": " Дмитрий Дьяченко",
  "Producer": " Павел Буря, Алексей Казаков, Мурад Османн",
  "Country": "Россия",
  "Duration": " 100 мин. / 01:40",
  "Description": "В тайге разгорается эпидемия бешенства среди диких животных. В это время отец привозит своего сына в охотничий домик, чтобы передержать его там во время ломки. Вместе они оказываются в смертельной западне.",
  "Price2D": 300,
  "Price3D": 400,
  "PriceVIP": 500
},{
  "_id": {
    "$oid": "644fbcab5378784a6eb518f9"
  },
  "Poster": "человек муравей.jpg",
  "Name": "Человек-муравей и Оса: Квантомания",
  "Genre": "Фантастика, Боевик, Комедия, Приключения",
  "Regisseur": " Пейтон Рид",
  "Producer": " Виктория Алонсо, Митчелл Белл, Стивен Бруссар",
  "Country": "США",
  "Duration": " 124 мин. / 02:04",
  "Description": "О приключениях бывшего мелкого преступника Скотта Лэнга, ставшего обладателем костюма, позволяющего уменьшаться и увеличиваться в размерах. Вместе с напарницей Хоуп ван Дайн, дочерью известного физика и энтомолога Хэнка Пима, разработавшего костюм человека-муравья, Скотт вновь спасает мир от угрозы.",
  "Price2D": 300,
  "Price3D": 400,
  "PriceVIP": 500
},{
  "_id": {
    "$oid": "644fbcf05378784a6eb518fc"
  },
  "Poster": "убийстов а париже.jpg",
  "Name": "Убийство в Париже",
  "Genre": "Детектив, Комедия, Криминал",
  "Regisseur": " Джереми Гарелик",
  "Producer": " Дженнифер Энистон, Рафаэль Бенолье, Бэрри Бернарди",
  "Country": "США",
  "Duration": " 90 мин. / 01:30",
  "Description": "Супруги Ник и Одри Шпиц открыли своё детективное агентство, но вместо захватывающих расследований вынуждены заниматься слежкой за неверными мужьями и едва сводить концы с концами. И так вовремя поступает приглашение на свадьбу их приятеля по предыдущему приключению — индийского миллиардера Викрама. Неугомонная парочка прибывает на частный остров и оказывается на грандиозной предсвадебной вечеринке, в разгар которой выясняется, что жених похищен, а его телохранитель убит.",
  "Price2D": 300,
  "Price3D": 400,
  "PriceVIP": 500
},{
  "_id": {
    "$oid": "644fbd375378784a6eb51900"
  },
  "Poster": "марио.jpg",
  "Name": "Братья Супер Марио в кино (2023)",
  "Genre": "Мультфильм, Фэнтези, Приключения, Комедия",
  "Regisseur": " Аарон Хорват, Михаэль Еленик, Pierre Leduc",
  "Producer": " Кристель Бэлкон, Yusuke Beppu, Бретт Хоффман",
  "Country": " США, Япония",
  "Duration": " 92 мин. / 01:32",
  "Description": "Братья-водопроводчики Марио и Луиджи открывают портал в подземный город, из которого должны вызволить пленённую принцессу Пич и сразиться с заклятым врагом Боузером.",
  "Price2D": 300,
  "Price3D": 400,
  "PriceVIP": 500
}]