[{
  "_id": {
    "$oid": "6450a00db1159f5ed0bc4115"
  },
  "Time": {
    "$date": {
      "$numberLong": "1683005438817"
    }
  },
  "Movie": {
    "_id": {
      "$oid": "644fb9ef5378784a6eb518d6"
    },
    "Poster": "Чебурашка.jpeg",
    "Name": "Чебурашка",
    "Genre": "Семейный, Комедия",
    "Regisseur": "Дмитрий Дьяченко",
    "Producer": " Эдуард Илоян, Денис Жалинский, Виталий Шляппо",
    "Country": "Россия",
    "Duration": " 113 мин. / 01:53",
    "Description": "Иногда, чтобы вернуть солнце и улыбки в мир взрослых, нужен один маленький ушастый герой. Мохнатого непоседливого зверька из далекой апельсиновой страны ждут удивительные приключения в тихом приморском городке, где ему предстоит найти себе имя, друзей и дом.",
    "Price2D": 300,
    "Price3D": 400,
    "PriceVIP": 500
  },
  "Hall": {
    "Places": {
      "1": "true",
      "2": "true",
      "3": "true",
      "4": "false",
      "5": "true",
      "6": "false",
      "7": "false",
      "8": "false",
      "9": "false",
      "10": "false",
      "11": "false",
      "12": "false",
      "13": "false",
      "14": "false",
      "15": "false",
      "16": "false",
      "17": "false",
      "18": "true",
      "19": "false",
      "20": "false",
      "21": "false",
      "22": "false",
      "23": "true",
      "24": "false",
      "25": "false",
      "26": "false",
      "27": "false",
      "28": "true",
      "29": "false",
      "30": "false",
      "31": "false",
      "32": "false",
      "33": "false",
      "34": "false",
      "35": "false",
      "36": "false",
      "37": "false",
      "38": "false",
      "39": "false",
      "40": "false",
      "41": "false",
      "42": "false",
      "43": "false",
      "44": "false",
      "45": "false",
      "46": "false",
      "47": "false",
      "48": "false",
      "49": "false",
      "50": "false"
    },
    "_id": {
      "$oid": "644ed37bee2d63c4c523a9b6"
    },
    "Name": "3D"
  }
},{
  "_id": {
    "$oid": "64589cdf895b57f773397cb9"
  },
  "Time": {
    "$date": {
      "$numberLong": "1683528909705"
    }
  },
  "Movie": {
    "_id": {
      "$oid": "644fb9ef5378784a6eb518d6"
    },
    "Poster": "Чебурашка.jpeg",
    "Name": "Чебурашка",
    "Genre": "Семейный, Комедия",
    "Regisseur": "Дмитрий Дьяченко",
    "Producer": " Эдуард Илоян, Денис Жалинский, Виталий Шляппо",
    "Country": "Россия",
    "Duration": " 113 мин. / 01:53",
    "Description": "Иногда, чтобы вернуть солнце и улыбки в мир взрослых, нужен один маленький ушастый герой. Мохнатого непоседливого зверька из далекой апельсиновой страны ждут удивительные приключения в тихом приморском городке, где ему предстоит найти себе имя, друзей и дом.",
    "Price2D": 300,
    "Price3D": 400,
    "PriceVIP": 500
  },
  "Hall": {
    "Places": {
      "1": "false",
      "2": "false",
      "3": "false",
      "4": "false",
      "5": "false",
      "6": "false",
      "7": "false",
      "8": "false",
      "9": "false",
      "10": "false",
      "11": "false",
      "12": "false",
      "13": "false",
      "14": "false",
      "15": "false",
      "16": "false",
      "17": "false",
      "18": "false",
      "19": "false",
      "20": "false",
      "21": "false",
      "22": "false",
      "23": "false",
      "24": "false",
      "25": "false",
      "26": "false",
      "27": "false",
      "28": "false",
      "29": "false",
      "30": "false",
      "31": "false",
      "32": "false",
      "33": "false",
      "34": "false",
      "35": "false",
      "36": "false",
      "37": "false",
      "38": "false",
      "39": "false",
      "40": "false",
      "41": "false",
      "42": "false",
      "43": "false",
      "44": "false",
      "45": "false",
      "46": "false",
      "47": "false",
      "48": "false",
      "49": "false",
      "50": "false"
    },
    "_id": {
      "$oid": "644ed37bee2d63c4c523a9b6"
    },
    "Name": "3D"
  }
},{
  "_id": {
    "$oid": "6458a11cb73fce3cf4ee0ce0"
  },
  "Time": {
    "$date": {
      "$numberLong": "1683530002585"
    }
  },
  "Movie": {
    "_id": {
      "$oid": "644fb9ef5378784a6eb518d6"
    },
    "Poster": "Чебурашка.jpeg",
    "Name": "Чебурашка",
    "Genre": "Семейный, Комедия",
    "Regisseur": "Дмитрий Дьяченко",
    "Producer": " Эдуард Илоян, Денис Жалинский, Виталий Шляппо",
    "Country": "Россия",
    "Duration": " 113 мин. / 01:53",
    "Description": "Иногда, чтобы вернуть солнце и улыбки в мир взрослых, нужен один маленький ушастый герой. Мохнатого непоседливого зверька из далекой апельсиновой страны ждут удивительные приключения в тихом приморском городке, где ему предстоит найти себе имя, друзей и дом.",
    "Price2D": 300,
    "Price3D": 400,
    "PriceVIP": 500
  },
  "Hall": {
    "Places": {
      "1": "false",
      "2": "false",
      "3": "false",
      "4": "false",
      "5": "false",
      "6": "false",
      "7": "false",
      "8": "false",
      "9": "false",
      "10": "false",
      "11": "false",
      "12": "false",
      "13": "false",
      "14": "false",
      "15": "false",
      "16": "false",
      "17": "false",
      "18": "false",
      "19": "false",
      "20": "false",
      "21": "false",
      "22": "false",
      "23": "false",
      "24": "false",
      "25": "false",
      "26": "false",
      "27": "false",
      "28": "false",
      "29": "false",
      "30": "false",
      "31": "false",
      "32": "false",
      "33": "false",
      "34": "false",
      "35": "false",
      "36": "false",
      "37": "false",
      "38": "false",
      "39": "false",
      "40": "false",
      "41": "false",
      "42": "false",
      "43": "false",
      "44": "false",
      "45": "false",
      "46": "false",
      "47": "false",
      "48": "false",
      "49": "false",
      "50": "false"
    },
    "_id": {
      "$oid": "644ed37bee2d63c4c523a9b6"
    },
    "Name": "3D"
  }
},{
  "_id": {
    "$oid": "645bf0cd8b2eba4112f84308"
  },
  "Time": {
    "$date": {
      "$numberLong": "1683747012670"
    }
  },
  "Movie": {
    "_id": {
      "$oid": "644fb9ef5378784a6eb518d6"
    },
    "Poster": "Чебурашка.jpeg",
    "Name": "Чебурашка",
    "Genre": "Семейный, Комедия",
    "Regisseur": "Дмитрий Дьяченко",
    "Producer": " Эдуард Илоян, Денис Жалинский, Виталий Шляппо",
    "Country": "Россия",
    "Duration": " 113 мин. / 01:53",
    "Description": "Иногда, чтобы вернуть солнце и улыбки в мир взрослых, нужен один маленький ушастый герой. Мохнатого непоседливого зверька из далекой апельсиновой страны ждут удивительные приключения в тихом приморском городке, где ему предстоит найти себе имя, друзей и дом.",
    "Price2D": 300,
    "Price3D": 400,
    "PriceVIP": 500
  },
  "Hall": {
    "Places": {
      "1": "false",
      "2": "false",
      "3": "false",
      "4": "false",
      "5": "false",
      "6": "false",
      "7": "false",
      "8": "false",
      "9": "false",
      "10": "false",
      "11": "false",
      "12": "false",
      "13": "false",
      "14": "false",
      "15": "false",
      "16": "false",
      "17": "false",
      "18": "false",
      "19": "false",
      "20": "false",
      "21": "false",
      "22": "false",
      "23": "false",
      "24": "false",
      "25": "false",
      "26": "false",
      "27": "false",
      "28": "false",
      "29": "false",
      "30": "false",
      "31": "false",
      "32": "false",
      "33": "false",
      "34": "false",
      "35": "false",
      "36": "false",
      "37": "false",
      "38": "false",
      "39": "false",
      "40": "false",
      "41": "false",
      "42": "false",
      "43": "false",
      "44": "false",
      "45": "false",
      "46": "false",
      "47": "false",
      "48": "false",
      "49": "false",
      "50": "false"
    },
    "_id": {
      "$oid": "644ed37bee2d63c4c523a9b6"
    },
    "Name": "3D"
  }
},{
  "_id": {
    "$oid": "645bf0d08b2eba4112f84309"
  },
  "Time": {
    "$date": {
      "$numberLong": "1683747012670"
    }
  },
  "Movie": {
    "_id": {
      "$oid": "644fb9ef5378784a6eb518d6"
    },
    "Poster": "Чебурашка.jpeg",
    "Name": "Чебурашка",
    "Genre": "Семейный, Комедия",
    "Regisseur": "Дмитрий Дьяченко",
    "Producer": " Эдуард Илоян, Денис Жалинский, Виталий Шляппо",
    "Country": "Россия",
    "Duration": " 113 мин. / 01:53",
    "Description": "Иногда, чтобы вернуть солнце и улыбки в мир взрослых, нужен один маленький ушастый герой. Мохнатого непоседливого зверька из далекой апельсиновой страны ждут удивительные приключения в тихом приморском городке, где ему предстоит найти себе имя, друзей и дом.",
    "Price2D": 300,
    "Price3D": 400,
    "PriceVIP": 500
  },
  "Hall": {
    "Places": {
      "1": "false",
      "2": "false",
      "3": "false",
      "4": "false",
      "5": "false",
      "6": "false",
      "7": "false",
      "8": "false",
      "9": "false",
      "10": "false",
      "11": "false",
      "12": "false",
      "13": "false",
      "14": "false",
      "15": "false",
      "16": "false",
      "17": "false",
      "18": "false",
      "19": "false",
      "20": "false",
      "21": "false",
      "22": "false",
      "23": "false",
      "24": "false",
      "25": "false",
      "26": "false",
      "27": "false",
      "28": "false",
      "29": "false",
      "30": "false",
      "31": "false",
      "32": "false",
      "33": "false",
      "34": "false",
      "35": "false",
      "36": "false",
      "37": "false",
      "38": "false",
      "39": "false",
      "40": "false",
      "41": "false",
      "42": "false",
      "43": "false",
      "44": "false",
      "45": "false",
      "46": "false",
      "47": "false",
      "48": "false",
      "49": "false",
      "50": "false"
    },
    "_id": {
      "$oid": "644ed37bee2d63c4c523a9b6"
    },
    "Name": "3D"
  }
},{
  "_id": {
    "$oid": "645bf0d18b2eba4112f8430a"
  },
  "Time": {
    "$date": {
      "$numberLong": "1683747012670"
    }
  },
  "Movie": {
    "_id": {
      "$oid": "644fb9ef5378784a6eb518d6"
    },
    "Poster": "Чебурашка.jpeg",
    "Name": "Чебурашка",
    "Genre": "Семейный, Комедия",
    "Regisseur": "Дмитрий Дьяченко",
    "Producer": " Эдуард Илоян, Денис Жалинский, Виталий Шляппо",
    "Country": "Россия",
    "Duration": " 113 мин. / 01:53",
    "Description": "Иногда, чтобы вернуть солнце и улыбки в мир взрослых, нужен один маленький ушастый герой. Мохнатого непоседливого зверька из далекой апельсиновой страны ждут удивительные приключения в тихом приморском городке, где ему предстоит найти себе имя, друзей и дом.",
    "Price2D": 300,
    "Price3D": 400,
    "PriceVIP": 500
  },
  "Hall": {
    "Places": {
      "1": "false",
      "2": "false",
      "3": "false",
      "4": "false",
      "5": "false",
      "6": "false",
      "7": "false",
      "8": "false",
      "9": "false",
      "10": "false",
      "11": "false",
      "12": "false",
      "13": "false",
      "14": "false",
      "15": "false",
      "16": "false",
      "17": "false",
      "18": "false",
      "19": "false",
      "20": "false",
      "21": "false",
      "22": "false",
      "23": "false",
      "24": "false",
      "25": "false",
      "26": "false",
      "27": "false",
      "28": "false",
      "29": "false",
      "30": "false",
      "31": "false",
      "32": "false",
      "33": "false",
      "34": "false",
      "35": "false",
      "36": "false",
      "37": "false",
      "38": "false",
      "39": "false",
      "40": "false",
      "41": "false",
      "42": "false",
      "43": "false",
      "44": "false",
      "45": "false",
      "46": "false",
      "47": "false",
      "48": "false",
      "49": "false",
      "50": "false"
    },
    "_id": {
      "$oid": "644ed37bee2d63c4c523a9b6"
    },
    "Name": "3D"
  }
},{
  "_id": {
    "$oid": "645bf0d28b2eba4112f8430b"
  },
  "Time": {
    "$date": {
      "$numberLong": "1683747012670"
    }
  },
  "Movie": {
    "_id": {
      "$oid": "644fb9ef5378784a6eb518d6"
    },
    "Poster": "Чебурашка.jpeg",
    "Name": "Чебурашка",
    "Genre": "Семейный, Комедия",
    "Regisseur": "Дмитрий Дьяченко",
    "Producer": " Эдуард Илоян, Денис Жалинский, Виталий Шляппо",
    "Country": "Россия",
    "Duration": " 113 мин. / 01:53",
    "Description": "Иногда, чтобы вернуть солнце и улыбки в мир взрослых, нужен один маленький ушастый герой. Мохнатого непоседливого зверька из далекой апельсиновой страны ждут удивительные приключения в тихом приморском городке, где ему предстоит найти себе имя, друзей и дом.",
    "Price2D": 300,
    "Price3D": 400,
    "PriceVIP": 500
  },
  "Hall": {
    "Places": {
      "1": "false",
      "2": "false",
      "3": "false",
      "4": "false",
      "5": "false",
      "6": "false",
      "7": "false",
      "8": "false",
      "9": "false",
      "10": "false",
      "11": "false",
      "12": "false",
      "13": "false",
      "14": "false",
      "15": "false",
      "16": "false",
      "17": "false",
      "18": "false",
      "19": "false",
      "20": "false",
      "21": "false",
      "22": "false",
      "23": "false",
      "24": "false",
      "25": "false",
      "26": "false",
      "27": "false",
      "28": "false",
      "29": "false",
      "30": "false",
      "31": "false",
      "32": "false",
      "33": "false",
      "34": "false",
      "35": "false",
      "36": "false",
      "37": "false",
      "38": "false",
      "39": "false",
      "40": "false",
      "41": "false",
      "42": "false",
      "43": "false",
      "44": "false",
      "45": "false",
      "46": "false",
      "47": "false",
      "48": "false",
      "49": "false",
      "50": "false"
    },
    "_id": {
      "$oid": "644ed37bee2d63c4c523a9b6"
    },
    "Name": "3D"
  }
},{
  "_id": {
    "$oid": "645bf0d38b2eba4112f8430c"
  },
  "Time": {
    "$date": {
      "$numberLong": "1683747012670"
    }
  },
  "Movie": {
    "_id": {
      "$oid": "644fb9ef5378784a6eb518d6"
    },
    "Poster": "Чебурашка.jpeg",
    "Name": "Чебурашка",
    "Genre": "Семейный, Комедия",
    "Regisseur": "Дмитрий Дьяченко",
    "Producer": " Эдуард Илоян, Денис Жалинский, Виталий Шляппо",
    "Country": "Россия",
    "Duration": " 113 мин. / 01:53",
    "Description": "Иногда, чтобы вернуть солнце и улыбки в мир взрослых, нужен один маленький ушастый герой. Мохнатого непоседливого зверька из далекой апельсиновой страны ждут удивительные приключения в тихом приморском городке, где ему предстоит найти себе имя, друзей и дом.",
    "Price2D": 300,
    "Price3D": 400,
    "PriceVIP": 500
  },
  "Hall": {
    "Places": {
      "1": "false",
      "2": "false",
      "3": "false",
      "4": "false",
      "5": "false",
      "6": "false",
      "7": "false",
      "8": "false",
      "9": "false",
      "10": "false",
      "11": "false",
      "12": "false",
      "13": "false",
      "14": "false",
      "15": "false",
      "16": "false",
      "17": "false",
      "18": "false",
      "19": "false",
      "20": "false",
      "21": "false",
      "22": "false",
      "23": "false",
      "24": "false",
      "25": "false",
      "26": "false",
      "27": "false",
      "28": "false",
      "29": "false",
      "30": "false",
      "31": "false",
      "32": "false",
      "33": "false",
      "34": "false",
      "35": "false",
      "36": "false",
      "37": "false",
      "38": "false",
      "39": "false",
      "40": "false",
      "41": "false",
      "42": "false",
      "43": "false",
      "44": "false",
      "45": "false",
      "46": "false",
      "47": "false",
      "48": "false",
      "49": "false",
      "50": "false"
    },
    "_id": {
      "$oid": "644ed37bee2d63c4c523a9b6"
    },
    "Name": "3D"
  }
},{
  "_id": {
    "$oid": "645bf0d58b2eba4112f8430d"
  },
  "Time": {
    "$date": {
      "$numberLong": "1683747012670"
    }
  },
  "Movie": {
    "_id": {
      "$oid": "644fb9ef5378784a6eb518d6"
    },
    "Poster": "Чебурашка.jpeg",
    "Name": "Чебурашка",
    "Genre": "Семейный, Комедия",
    "Regisseur": "Дмитрий Дьяченко",
    "Producer": " Эдуард Илоян, Денис Жалинский, Виталий Шляппо",
    "Country": "Россия",
    "Duration": " 113 мин. / 01:53",
    "Description": "Иногда, чтобы вернуть солнце и улыбки в мир взрослых, нужен один маленький ушастый герой. Мохнатого непоседливого зверька из далекой апельсиновой страны ждут удивительные приключения в тихом приморском городке, где ему предстоит найти себе имя, друзей и дом.",
    "Price2D": 300,
    "Price3D": 400,
    "PriceVIP": 500
  },
  "Hall": {
    "Places": {
      "1": "false",
      "2": "false",
      "3": "false",
      "4": "false",
      "5": "false",
      "6": "false",
      "7": "false",
      "8": "false",
      "9": "false",
      "10": "false",
      "11": "false",
      "12": "false",
      "13": "false",
      "14": "false",
      "15": "false",
      "16": "false",
      "17": "false",
      "18": "false",
      "19": "false",
      "20": "false",
      "21": "false",
      "22": "false",
      "23": "false",
      "24": "false",
      "25": "false",
      "26": "false",
      "27": "false",
      "28": "false",
      "29": "false",
      "30": "false",
      "31": "false",
      "32": "false",
      "33": "false",
      "34": "false",
      "35": "false",
      "36": "false",
      "37": "false",
      "38": "false",
      "39": "false",
      "40": "false",
      "41": "false",
      "42": "false",
      "43": "false",
      "44": "false",
      "45": "false",
      "46": "false",
      "47": "false",
      "48": "false",
      "49": "false",
      "50": "false"
    },
    "_id": {
      "$oid": "644ed37bee2d63c4c523a9b6"
    },
    "Name": "3D"
  }
},{
  "_id": {
    "$oid": "645bf0d58b2eba4112f8430e"
  },
  "Time": {
    "$date": {
      "$numberLong": "1683747012670"
    }
  },
  "Movie": {
    "_id": {
      "$oid": "644fb9ef5378784a6eb518d6"
    },
    "Poster": "Чебурашка.jpeg",
    "Name": "Чебурашка",
    "Genre": "Семейный, Комедия",
    "Regisseur": "Дмитрий Дьяченко",
    "Producer": " Эдуард Илоян, Денис Жалинский, Виталий Шляппо",
    "Country": "Россия",
    "Duration": " 113 мин. / 01:53",
    "Description": "Иногда, чтобы вернуть солнце и улыбки в мир взрослых, нужен один маленький ушастый герой. Мохнатого непоседливого зверька из далекой апельсиновой страны ждут удивительные приключения в тихом приморском городке, где ему предстоит найти себе имя, друзей и дом.",
    "Price2D": 300,
    "Price3D": 400,
    "PriceVIP": 500
  },
  "Hall": {
    "Places": {
      "1": "false",
      "2": "false",
      "3": "false",
      "4": "false",
      "5": "false",
      "6": "false",
      "7": "false",
      "8": "false",
      "9": "false",
      "10": "false",
      "11": "false",
      "12": "false",
      "13": "false",
      "14": "false",
      "15": "false",
      "16": "false",
      "17": "false",
      "18": "false",
      "19": "false",
      "20": "false",
      "21": "false",
      "22": "false",
      "23": "false",
      "24": "false",
      "25": "false",
      "26": "false",
      "27": "false",
      "28": "false",
      "29": "false",
      "30": "false",
      "31": "false",
      "32": "false",
      "33": "false",
      "34": "false",
      "35": "false",
      "36": "false",
      "37": "false",
      "38": "false",
      "39": "false",
      "40": "false",
      "41": "false",
      "42": "false",
      "43": "false",
      "44": "false",
      "45": "false",
      "46": "false",
      "47": "false",
      "48": "false",
      "49": "false",
      "50": "false"
    },
    "_id": {
      "$oid": "644ed37bee2d63c4c523a9b6"
    },
    "Name": "3D"
  }
},{
  "_id": {
    "$oid": "645bf0d68b2eba4112f8430f"
  },
  "Time": {
    "$date": {
      "$numberLong": "1683747012670"
    }
  },
  "Movie": {
    "_id": {
      "$oid": "644fb9ef5378784a6eb518d6"
    },
    "Poster": "Чебурашка.jpeg",
    "Name": "Чебурашка",
    "Genre": "Семейный, Комедия",
    "Regisseur": "Дмитрий Дьяченко",
    "Producer": " Эдуард Илоян, Денис Жалинский, Виталий Шляппо",
    "Country": "Россия",
    "Duration": " 113 мин. / 01:53",
    "Description": "Иногда, чтобы вернуть солнце и улыбки в мир взрослых, нужен один маленький ушастый герой. Мохнатого непоседливого зверька из далекой апельсиновой страны ждут удивительные приключения в тихом приморском городке, где ему предстоит найти себе имя, друзей и дом.",
    "Price2D": 300,
    "Price3D": 400,
    "PriceVIP": 500
  },
  "Hall": {
    "Places": {
      "1": "false",
      "2": "false",
      "3": "false",
      "4": "false",
      "5": "false",
      "6": "false",
      "7": "false",
      "8": "false",
      "9": "false",
      "10": "false",
      "11": "false",
      "12": "false",
      "13": "false",
      "14": "false",
      "15": "false",
      "16": "false",
      "17": "false",
      "18": "false",
      "19": "false",
      "20": "false",
      "21": "false",
      "22": "false",
      "23": "false",
      "24": "false",
      "25": "false",
      "26": "false",
      "27": "false",
      "28": "false",
      "29": "false",
      "30": "false",
      "31": "false",
      "32": "false",
      "33": "false",
      "34": "false",
      "35": "false",
      "36": "false",
      "37": "false",
      "38": "false",
      "39": "false",
      "40": "false",
      "41": "false",
      "42": "false",
      "43": "false",
      "44": "false",
      "45": "false",
      "46": "false",
      "47": "false",
      "48": "false",
      "49": "false",
      "50": "false"
    },
    "_id": {
      "$oid": "644ed37bee2d63c4c523a9b6"
    },
    "Name": "3D"
  }
},{
  "_id": {
    "$oid": "645bf1098b2eba4112f84310"
  },
  "Time": {
    "$date": {
      "$numberLong": "1683833473000"
    }
  },
  "Movie": {
    "_id": {
      "$oid": "644fb9ef5378784a6eb518d6"
    },
    "Poster": "Чебурашка.jpeg",
    "Name": "Чебурашка",
    "Genre": "Семейный, Комедия",
    "Regisseur": "Дмитрий Дьяченко",
    "Producer": " Эдуард Илоян, Денис Жалинский, Виталий Шляппо",
    "Country": "Россия",
    "Duration": " 113 мин. / 01:53",
    "Description": "Иногда, чтобы вернуть солнце и улыбки в мир взрослых, нужен один маленький ушастый герой. Мохнатого непоседливого зверька из далекой апельсиновой страны ждут удивительные приключения в тихом приморском городке, где ему предстоит найти себе имя, друзей и дом.",
    "Price2D": 300,
    "Price3D": 400,
    "PriceVIP": 500
  },
  "Hall": {
    "Places": {
      "1": "false",
      "2": "false",
      "3": "false",
      "4": "false",
      "5": "false",
      "6": "false",
      "7": "false",
      "8": "false",
      "9": "false",
      "10": "false",
      "11": "false",
      "12": "false",
      "13": "false",
      "14": "false",
      "15": "false",
      "16": "false",
      "17": "false",
      "18": "false",
      "19": "false",
      "20": "false",
      "21": "false",
      "22": "false",
      "23": "false",
      "24": "false",
      "25": "false",
      "26": "false",
      "27": "false",
      "28": "false",
      "29": "false",
      "30": "false",
      "31": "false",
      "32": "false",
      "33": "false",
      "34": "false",
      "35": "false",
      "36": "false",
      "37": "false",
      "38": "false",
      "39": "false",
      "40": "false",
      "41": "false",
      "42": "false",
      "43": "false",
      "44": "false",
      "45": "false",
      "46": "false",
      "47": "false",
      "48": "false",
      "49": "false",
      "50": "false"
    },
    "_id": {
      "$oid": "644ed37bee2d63c4c523a9b6"
    },
    "Name": "3D"
  }
},{
  "_id": {
    "$oid": "645bf1118b2eba4112f84311"
  },
  "Time": {
    "$date": {
      "$numberLong": "1683919873000"
    }
  },
  "Movie": {
    "_id": {
      "$oid": "644fb9ef5378784a6eb518d6"
    },
    "Poster": "Чебурашка.jpeg",
    "Name": "Чебурашка",
    "Genre": "Семейный, Комедия",
    "Regisseur": "Дмитрий Дьяченко",
    "Producer": " Эдуард Илоян, Денис Жалинский, Виталий Шляппо",
    "Country": "Россия",
    "Duration": " 113 мин. / 01:53",
    "Description": "Иногда, чтобы вернуть солнце и улыбки в мир взрослых, нужен один маленький ушастый герой. Мохнатого непоседливого зверька из далекой апельсиновой страны ждут удивительные приключения в тихом приморском городке, где ему предстоит найти себе имя, друзей и дом.",
    "Price2D": 300,
    "Price3D": 400,
    "PriceVIP": 500
  },
  "Hall": {
    "Places": {
      "1": "false",
      "2": "false",
      "3": "false",
      "4": "false",
      "5": "false",
      "6": "false",
      "7": "false",
      "8": "false",
      "9": "false",
      "10": "false",
      "11": "false",
      "12": "false",
      "13": "false",
      "14": "false",
      "15": "false",
      "16": "false",
      "17": "false",
      "18": "false",
      "19": "false",
      "20": "false",
      "21": "false",
      "22": "false",
      "23": "false",
      "24": "false",
      "25": "false",
      "26": "false",
      "27": "false",
      "28": "false",
      "29": "false",
      "30": "false",
      "31": "false",
      "32": "false",
      "33": "false",
      "34": "false",
      "35": "false",
      "36": "false",
      "37": "false",
      "38": "false",
      "39": "false",
      "40": "false",
      "41": "false",
      "42": "false",
      "43": "false",
      "44": "false",
      "45": "false",
      "46": "false",
      "47": "false",
      "48": "false",
      "49": "false",
      "50": "false"
    },
    "_id": {
      "$oid": "644ed37bee2d63c4c523a9b6"
    },
    "Name": "3D"
  }
},{
  "_id": {
    "$oid": "645bf1158b2eba4112f84312"
  },
  "Time": {
    "$date": {
      "$numberLong": "1684006273000"
    }
  },
  "Movie": {
    "_id": {
      "$oid": "644fb9ef5378784a6eb518d6"
    },
    "Poster": "Чебурашка.jpeg",
    "Name": "Чебурашка",
    "Genre": "Семейный, Комедия",
    "Regisseur": "Дмитрий Дьяченко",
    "Producer": " Эдуард Илоян, Денис Жалинский, Виталий Шляппо",
    "Country": "Россия",
    "Duration": " 113 мин. / 01:53",
    "Description": "Иногда, чтобы вернуть солнце и улыбки в мир взрослых, нужен один маленький ушастый герой. Мохнатого непоседливого зверька из далекой апельсиновой страны ждут удивительные приключения в тихом приморском городке, где ему предстоит найти себе имя, друзей и дом.",
    "Price2D": 300,
    "Price3D": 400,
    "PriceVIP": 500
  },
  "Hall": {
    "Places": {
      "1": "false",
      "2": "false",
      "3": "false",
      "4": "false",
      "5": "false",
      "6": "false",
      "7": "false",
      "8": "false",
      "9": "false",
      "10": "false",
      "11": "false",
      "12": "false",
      "13": "false",
      "14": "false",
      "15": "false",
      "16": "false",
      "17": "false",
      "18": "false",
      "19": "false",
      "20": "false",
      "21": "false",
      "22": "false",
      "23": "false",
      "24": "false",
      "25": "false",
      "26": "false",
      "27": "false",
      "28": "false",
      "29": "false",
      "30": "false",
      "31": "false",
      "32": "false",
      "33": "false",
      "34": "false",
      "35": "false",
      "36": "false",
      "37": "false",
      "38": "false",
      "39": "false",
      "40": "false",
      "41": "false",
      "42": "false",
      "43": "false",
      "44": "false",
      "45": "false",
      "46": "false",
      "47": "false",
      "48": "false",
      "49": "false",
      "50": "false"
    },
    "_id": {
      "$oid": "644ed37bee2d63c4c523a9b6"
    },
    "Name": "3D"
  }
},{
  "_id": {
    "$oid": "645bf11a8b2eba4112f84313"
  },
  "Time": {
    "$date": {
      "$numberLong": "1684092673000"
    }
  },
  "Movie": {
    "_id": {
      "$oid": "644fb9ef5378784a6eb518d6"
    },
    "Poster": "Чебурашка.jpeg",
    "Name": "Чебурашка",
    "Genre": "Семейный, Комедия",
    "Regisseur": "Дмитрий Дьяченко",
    "Producer": " Эдуард Илоян, Денис Жалинский, Виталий Шляппо",
    "Country": "Россия",
    "Duration": " 113 мин. / 01:53",
    "Description": "Иногда, чтобы вернуть солнце и улыбки в мир взрослых, нужен один маленький ушастый герой. Мохнатого непоседливого зверька из далекой апельсиновой страны ждут удивительные приключения в тихом приморском городке, где ему предстоит найти себе имя, друзей и дом.",
    "Price2D": 300,
    "Price3D": 400,
    "PriceVIP": 500
  },
  "Hall": {
    "Places": {
      "1": "false",
      "2": "false",
      "3": "false",
      "4": "false",
      "5": "false",
      "6": "false",
      "7": "false",
      "8": "false",
      "9": "false",
      "10": "false",
      "11": "false",
      "12": "false",
      "13": "false",
      "14": "false",
      "15": "false",
      "16": "false",
      "17": "false",
      "18": "false",
      "19": "false",
      "20": "false",
      "21": "false",
      "22": "false",
      "23": "false",
      "24": "false",
      "25": "false",
      "26": "false",
      "27": "false",
      "28": "false",
      "29": "false",
      "30": "false",
      "31": "false",
      "32": "false",
      "33": "false",
      "34": "false",
      "35": "false",
      "36": "false",
      "37": "false",
      "38": "false",
      "39": "false",
      "40": "false",
      "41": "false",
      "42": "false",
      "43": "false",
      "44": "false",
      "45": "false",
      "46": "false",
      "47": "false",
      "48": "false",
      "49": "false",
      "50": "false"
    },
    "_id": {
      "$oid": "644ed37bee2d63c4c523a9b6"
    },
    "Name": "3D"
  }
},{
  "_id": {
    "$oid": "645bf11e8b2eba4112f84314"
  },
  "Time": {
    "$date": {
      "$numberLong": "1684179073000"
    }
  },
  "Movie": {
    "_id": {
      "$oid": "644fb9ef5378784a6eb518d6"
    },
    "Poster": "Чебурашка.jpeg",
    "Name": "Чебурашка",
    "Genre": "Семейный, Комедия",
    "Regisseur": "Дмитрий Дьяченко",
    "Producer": " Эдуард Илоян, Денис Жалинский, Виталий Шляппо",
    "Country": "Россия",
    "Duration": " 113 мин. / 01:53",
    "Description": "Иногда, чтобы вернуть солнце и улыбки в мир взрослых, нужен один маленький ушастый герой. Мохнатого непоседливого зверька из далекой апельсиновой страны ждут удивительные приключения в тихом приморском городке, где ему предстоит найти себе имя, друзей и дом.",
    "Price2D": 300,
    "Price3D": 400,
    "PriceVIP": 500
  },
  "Hall": {
    "Places": {
      "1": "false",
      "2": "false",
      "3": "false",
      "4": "false",
      "5": "false",
      "6": "false",
      "7": "false",
      "8": "false",
      "9": "false",
      "10": "false",
      "11": "false",
      "12": "false",
      "13": "false",
      "14": "false",
      "15": "false",
      "16": "false",
      "17": "false",
      "18": "false",
      "19": "false",
      "20": "false",
      "21": "false",
      "22": "false",
      "23": "false",
      "24": "false",
      "25": "false",
      "26": "false",
      "27": "false",
      "28": "false",
      "29": "false",
      "30": "false",
      "31": "false",
      "32": "false",
      "33": "false",
      "34": "false",
      "35": "false",
      "36": "false",
      "37": "false",
      "38": "false",
      "39": "false",
      "40": "false",
      "41": "false",
      "42": "false",
      "43": "false",
      "44": "false",
      "45": "false",
      "46": "false",
      "47": "false",
      "48": "false",
      "49": "false",
      "50": "false"
    },
    "_id": {
      "$oid": "644ed37bee2d63c4c523a9b6"
    },
    "Name": "3D"
  }
},{
  "_id": {
    "$oid": "645bf1228b2eba4112f84315"
  },
  "Time": {
    "$date": {
      "$numberLong": "1684265473000"
    }
  },
  "Movie": {
    "_id": {
      "$oid": "644fb9ef5378784a6eb518d6"
    },
    "Poster": "Чебурашка.jpeg",
    "Name": "Чебурашка",
    "Genre": "Семейный, Комедия",
    "Regisseur": "Дмитрий Дьяченко",
    "Producer": " Эдуард Илоян, Денис Жалинский, Виталий Шляппо",
    "Country": "Россия",
    "Duration": " 113 мин. / 01:53",
    "Description": "Иногда, чтобы вернуть солнце и улыбки в мир взрослых, нужен один маленький ушастый герой. Мохнатого непоседливого зверька из далекой апельсиновой страны ждут удивительные приключения в тихом приморском городке, где ему предстоит найти себе имя, друзей и дом.",
    "Price2D": 300,
    "Price3D": 400,
    "PriceVIP": 500
  },
  "Hall": {
    "Places": {
      "1": "false",
      "2": "false",
      "3": "false",
      "4": "false",
      "5": "false",
      "6": "false",
      "7": "false",
      "8": "false",
      "9": "false",
      "10": "false",
      "11": "false",
      "12": "false",
      "13": "false",
      "14": "false",
      "15": "false",
      "16": "false",
      "17": "false",
      "18": "false",
      "19": "false",
      "20": "false",
      "21": "false",
      "22": "false",
      "23": "false",
      "24": "false",
      "25": "false",
      "26": "false",
      "27": "false",
      "28": "false",
      "29": "false",
      "30": "false",
      "31": "false",
      "32": "false",
      "33": "false",
      "34": "false",
      "35": "false",
      "36": "false",
      "37": "false",
      "38": "false",
      "39": "false",
      "40": "false",
      "41": "false",
      "42": "false",
      "43": "false",
      "44": "false",
      "45": "false",
      "46": "false",
      "47": "false",
      "48": "false",
      "49": "false",
      "50": "false"
    },
    "_id": {
      "$oid": "644ed37bee2d63c4c523a9b6"
    },
    "Name": "3D"
  }
},{
  "_id": {
    "$oid": "645bf1268b2eba4112f84316"
  },
  "Time": {
    "$date": {
      "$numberLong": "1684351873000"
    }
  },
  "Movie": {
    "_id": {
      "$oid": "644fb9ef5378784a6eb518d6"
    },
    "Poster": "Чебурашка.jpeg",
    "Name": "Чебурашка",
    "Genre": "Семейный, Комедия",
    "Regisseur": "Дмитрий Дьяченко",
    "Producer": " Эдуард Илоян, Денис Жалинский, Виталий Шляппо",
    "Country": "Россия",
    "Duration": " 113 мин. / 01:53",
    "Description": "Иногда, чтобы вернуть солнце и улыбки в мир взрослых, нужен один маленький ушастый герой. Мохнатого непоседливого зверька из далекой апельсиновой страны ждут удивительные приключения в тихом приморском городке, где ему предстоит найти себе имя, друзей и дом.",
    "Price2D": 300,
    "Price3D": 400,
    "PriceVIP": 500
  },
  "Hall": {
    "Places": {
      "1": "false",
      "2": "false",
      "3": "false",
      "4": "false",
      "5": "false",
      "6": "false",
      "7": "false",
      "8": "false",
      "9": "false",
      "10": "false",
      "11": "false",
      "12": "false",
      "13": "false",
      "14": "false",
      "15": "false",
      "16": "false",
      "17": "false",
      "18": "false",
      "19": "false",
      "20": "false",
      "21": "false",
      "22": "false",
      "23": "false",
      "24": "false",
      "25": "false",
      "26": "false",
      "27": "false",
      "28": "false",
      "29": "false",
      "30": "false",
      "31": "false",
      "32": "false",
      "33": "false",
      "34": "false",
      "35": "false",
      "36": "false",
      "37": "false",
      "38": "false",
      "39": "false",
      "40": "false",
      "41": "false",
      "42": "false",
      "43": "false",
      "44": "false",
      "45": "false",
      "46": "false",
      "47": "false",
      "48": "false",
      "49": "false",
      "50": "false"
    },
    "_id": {
      "$oid": "644ed37bee2d63c4c523a9b6"
    },
    "Name": "3D"
  }
},{
  "_id": {
    "$oid": "645bf12c8b2eba4112f84317"
  },
  "Time": {
    "$date": {
      "$numberLong": "1684438273000"
    }
  },
  "Movie": {
    "_id": {
      "$oid": "644fb9ef5378784a6eb518d6"
    },
    "Poster": "Чебурашка.jpeg",
    "Name": "Чебурашка",
    "Genre": "Семейный, Комедия",
    "Regisseur": "Дмитрий Дьяченко",
    "Producer": " Эдуард Илоян, Денис Жалинский, Виталий Шляппо",
    "Country": "Россия",
    "Duration": " 113 мин. / 01:53",
    "Description": "Иногда, чтобы вернуть солнце и улыбки в мир взрослых, нужен один маленький ушастый герой. Мохнатого непоседливого зверька из далекой апельсиновой страны ждут удивительные приключения в тихом приморском городке, где ему предстоит найти себе имя, друзей и дом.",
    "Price2D": 300,
    "Price3D": 400,
    "PriceVIP": 500
  },
  "Hall": {
    "Places": {
      "1": "false",
      "2": "false",
      "3": "false",
      "4": "false",
      "5": "false",
      "6": "false",
      "7": "false",
      "8": "false",
      "9": "false",
      "10": "false",
      "11": "false",
      "12": "false",
      "13": "false",
      "14": "false",
      "15": "false",
      "16": "false",
      "17": "false",
      "18": "false",
      "19": "false",
      "20": "false",
      "21": "false",
      "22": "false",
      "23": "false",
      "24": "false",
      "25": "false",
      "26": "false",
      "27": "false",
      "28": "false",
      "29": "false",
      "30": "false",
      "31": "false",
      "32": "false",
      "33": "false",
      "34": "false",
      "35": "false",
      "36": "false",
      "37": "false",
      "38": "false",
      "39": "false",
      "40": "false",
      "41": "false",
      "42": "false",
      "43": "false",
      "44": "false",
      "45": "false",
      "46": "false",
      "47": "false",
      "48": "false",
      "49": "false",
      "50": "false"
    },
    "_id": {
      "$oid": "644ed37bee2d63c4c523a9b6"
    },
    "Name": "3D"
  }
}]