[{
  "_id": {
    "$oid": "640a15f953295715d623ab92"
  },
  "Role": "Admin",
  "Login": "qwerty123",
  "Password": "qwerty",
  "PasswordRepeat": "qwerty",
  "Surname": "Гараева",
  "Name": "Руслана",
  "Patronymic": "Маратовна",
  "EMail": "garaeva@email",
  "PhoneNumber": "123456789"
},{
  "_id": {
    "$oid": "640a1efd5d4bceaae7a3988d"
  },
  "Role": "Client",
  "Login": "user1",
  "Password": "user1",
  "PasswordRepeat": "user1",
  "Surname": "user1",
  "Name": "user1",
  "Patronymic": "user1",
  "EMail": "user1@email",
  "PhoneNumber": "123456789"
}]